employeeId,employee name,password
4000,Angela Sexton,sasd
4001,Hilda Neal,w12331
4002,Megan Dixon,123
4003,Macey Finley,sad
4004,Jolene Park,sda
4005,Nina Santana,asd
4006,Adara Savage,fff
4007,Gay Campos,asda
4008,Fay Gallegos,asda
4009,Courtney Hicks,asda
4010,Rose Pennington,asda
4011,Shay Shaw,asda
4012,Bertha Tucker,asda
4013,Emily Rose,asda
4014,Ivory Bates,asda
4015,Nayda Gallagher,asda
4016,Carol Savage,asda
4017,Pearl Chase,asda
4018,Nell Guy,asda
4019,Hanae Roy,asda
4020,Shelley Talley,asda
4021,Hannah Lee,asda
4022,Keely Logan,asda
4023,Breanna Christensen,asda
4024,Lois Cotton,asda
4025,Kirby Maynard,asda
4026,Carla Espinoza,asda
4027,Candace Lucas,asda
4028,Jaden Callahan,asda
4029,Cameron Rivers,asda
4030,Holly Welch,asda
4031,TaShya Dean,asda
4032,Hedwig Santos,asda
4033,Moana Richmond,asda
4034,Teagan Strickland,asda
4035,Hyacinth Madden,asda
4036,Jada Moreno,asda
4037,Clare Compton,asda
4038,Lillith Zimmerman,asda
4039,Rinah Mckinney,asda
4040,Willow Hester,asda
4041,Haley Zamora,asda
4042,Courtney Olson,asda
4043,Ori Frye,asda
4044,Alea Maldonado,asda
4045,Libby Davis,asda
4046,Sierra Butler,asda
4047,Katelyn Cantrell,asda
4048,Rowan Hammond,asda
4049,Aphrodite Woodward,asda
4050,Veda Gross,asda
4051,Cora Hood,asda
4052,Alana Montoya,asda
4053,Kristen Bates,asda
4054,Germaine Patrick,asda
4055,Leila Howe,asda
4056,Indira Spears,asda
4057,Joy Farley,asda
4058,Amela Hardin,asda
4059,Miranda Bright,asda
4060,Ignacia Benson,asda
4061,Selma Holt,asda
4062,Sigourney Goff,asda
4063,Eve Hickman,asda
4064,Sheila Hawkins,asda
4065,Noelani Harrell,asda
4066,Kirsten Prince,asda
4067,Sydnee Lawrence,asda
4068,Kameko Conway,asda
4069,Nola Donaldson,asda
4070,Nicole Levy,asda
4071,Courtney Kinney,asda
4072,Kimberley Mayer,asda
4073,Rachel Bush,asda
4074,Mollie Burton,asda
4075,Lesley Valenzuela,asda
4076,Ivana Frye,asda
4077,Lavinia Becker,asda
4078,Reagan Ball,asda
4079,Signe Vinson,asda
4080,Lila Blackburn,asda
4081,Kirsten Hampton,asda
4082,Stacy Mosley,asda
4083,Summer Calderon,asda
4084,Lois Elliott,asda
4085,Pearl Silva,asda
4086,Gillian Wright,asda
4087,Liberty Larson,asda
4088,Gail Sosa,asda
4089,Jacqueline Harrell,asda
4090,Karly Roberson,asda
4091,Sheila Horne,asda
4092,Morgan Howell,asda
4093,Dakota Talley,asda
4094,Maxine Gill,asda
4095,Farrah Acevedo,asda
4096,Kelly Herman,asda
4097,Catherine Coffey,asda
4098,Buffy Dillard,asda
4099,Lysandra Kemp,asda44904890